모델번호,어깨너비,소매길이,가슴단면,상의총장,허리단면,엉덩이단면,허벅지단면,밑단단면,하의총장,밑위
F076,33.6,53.1,39.25,34.89999999999999,36.25,46.7,27.75,11.0,99.8,22.89999999999999
F152,35.0,53.0,46.25,37.5,37.4,47.25,29.5,11.9,99.9,28.10000000000001
F444,36.7,52.5,47.95,38.400000000000006,41.0,49.5,28.65,11.75,95.6,25.0
F443,33.4,50.3,42.8,36.0,37.9,43.55,25.7,10.7,93.5,23.0
M230,36.0,53.3,45.45,34.8,47.3,47.35,26.2,12.1,99.3,29.0
M171,44.5,56.8,49.7,42.20000000000002,39.6,49.2,30.65,13.55,107.1,30.39999999999999
F464,35.4,55.5,44.65,35.599999999999994,38.65,48.25,29.15,12.1,107.1,29.0
M316,36.6,55.2,46.9,35.80000000000001,42.55,46.25,26.25,12.5,101.6,27.099999999999994
M178,39.7,55.8,42.0,39.900000000000006,34.15,43.5,26.05,11.6,101.1,24.5
M026,39.4,56.1,45.6,37.5,41.45,45.2,27.3,12.15,100.9,27.10000000000001
F415,32.2,50.1,41.6,33.599999999999994,33.6,44.2,27.6,11.35,93.9,26.400000000000006
F060,34.8,50.4,47.0,38.0,37.65,49.85,29.3,12.0,96.0,27.5
M232,40.3,51.5,47.85,40.69999999999999,40.4,48.25,28.35,13.0,102.9,29.700000000000003
F373,34.1,51.0,44.2,33.8,40.3,46.3,28.8,12.65,92.4,27.30000000000001
M102,42.1,53.4,49.0,40.099999999999994,46.7,49.35,29.85,13.3,101.9,28.5
M347,41.8,54.2,49.55,42.20000000000002,42.9,50.05,29.15,12.3,103.6,33.099999999999994
M405,40.5,53.0,50.3,39.7,45.05,47.65,27.7,13.4,102.8,31.200000000000003
M043,39.5,58.0,40.3,38.400000000000006,34.45,42.5,25.0,12.5,109.5,26.400000000000006
M211,41.0,57.9,44.05,38.69999999999999,38.7,46.0,26.8,12.5,110.9,27.400000000000006
M495,38.6,54.5,49.1,41.0,46.55,49.7,28.2,12.5,97.0,26.599999999999994
M201,40.6,24.1,47.6,35.89999999999999,41.5,47.0,48.7,12.55,98.3,27.099999999999994
M146,39.3,55.9,47.0,42.0,45.05,49.0,29.65,12.7,108.1,29.299999999999997
F043,33.5,48.0,42.15,32.599999999999994,34.45,44.0,26.6,11.0,95.0,29.200000000000003
F041,33.9,50.8,41.85,35.599999999999994,33.0,47.3,27.15,11.35,94.5,27.5
M407,36.8,55.6,46.6,42.8,39.05,46.4,46.55,13.4,102.3,26.599999999999994
F203,33.3,53.5,46.1,36.79999999999998,39.7,47.0,28.75,11.8,98.4,26.900000000000006
F325,35.1,51.5,44.05,35.599999999999994,37.7,49.95,29.25,13.2,97.0,30.599999999999994
M050,39.6,50.1,43.8,40.10000000000001,37.05,44.55,26.85,12.65,97.2,27.799999999999997
F246,35.8,52.0,46.15,35.19999999999999,37.75,49.2,28.4,11.75,97.5,30.900000000000006
F315,33.2,46.8,51.95,37.3,46.7,50.5,31.8,12.3,89.4,27.10000000000001
M462,39.3,52.2,46.5,35.89999999999999,42.0,48.0,26.0,13.4,103.7,31.10000000000001
M016,39.4,56.8,45.85,34.900000000000006,41.35,50.05,29.7,12.45,107.6,30.19999999999999
F120,35.9,53.0,43.8,33.5,34.0,44.3,25.7,11.0,99.5,27.0
M064,39.4,52.4,43.0,36.10000000000001,39.45,45.7,27.4,12.15,99.7,26.900000000000006
F088,33.5,50.5,49.8,35.0,40.5,45.75,26.9,11.45,92.5,27.599999999999994
M449,40.3,56.4,49.1,42.400000000000006,43.55,48.9,27.7,14.1,108.4,31.80000000000001
M403,41.9,54.1,53.15,43.10000000000001,42.7,48.6,30.3,13.85,101.8,30.099999999999994
F093,37.4,56.8,41.8,36.500000000000014,34.7,48.25,27.6,12.75,108.3,30.89999999999999
F226,33.3,52.1,43.5,37.7,38.75,46.3,24.65,11.75,101.3,28.799999999999997
M166,40.7,58.0,48.75,41.2,44.85,48.65,29.5,13.5,110.3,31.200000000000003
F353,33.9,54.1,45.75,36.5,44.4,47.8,27.25,12.35,98.9,28.5
M288,38.7,51.6,50.15,37.500000000000014,44.0,48.2,28.35,12.2,101.8,29.39999999999999
M160,39.5,52.7,43.5,36.8,38.55,44.85,26.3,12.85,100.7,27.400000000000006
F381,32.2,47.4,44.15,35.60000000000001,37.4,43.7,24.7,10.9,90.8,27.4
F011,34.4,52.0,41.1,35.400000000000006,34.35,45.95,26.75,12.25,100.6,30.5
F112,34.7,52.7,43.25,35.3,37.5,46.5,27.65,11.4,95.3,27.799999999999997
F376,38.1,54.0,48.5,40.3,41.75,49.25,28.9,12.0,100.8,28.200000000000003
M426,38.7,55.5,48.6,40.599999999999994,45.1,46.4,46.85,13.35,102.6,30.5
F270,35.0,52.1,38.35,36.80000000000001,31.5,41.7,24.85,10.9,96.5,22.799999999999997
F219,33.7,49.0,47.0,37.5,40.0,46.4,26.25,11.55,90.6,26.39999999999999
F277,33.5,49.7,46.5,35.0,39.55,44.4,25.95,12.0,91.7,24.700000000000003
F014,35.8,54.8,40.5,38.19999999999999,34.25,44.5,26.1,12.35,96.5,28.099999999999994
F065,35.3,52.5,50.6,39.19999999999999,45.4,49.15,27.9,12.1,97.0,28.599999999999994
M195,37.7,49.8,44.35,36.8,38.9,43.75,26.7,11.75,93.2,26.700000000000003
M374,37.9,52.7,44.8,41.89999999999999,41.05,46.8,26.15,12.8,101.3,29.0
M362,40.1,54.9,49.05,42.099999999999994,43.8,45.95,26.6,12.6,103.4,27.200000000000003
F450,33.3,50.6,42.9,32.79999999999998,40.35,46.8,27.0,12.25,96.9,30.0
F108,36.8,51.2,45.85,35.10000000000001,38.75,47.15,28.15,12.0,97.3,28.5
M112,40.1,53.1,47.75,39.5,45.2,45.15,25.45,12.85,96.5,25.299999999999997
F215,34.1,51.5,40.0,38.19999999999999,30.6,43.05,24.1,11.45,101.0,26.799999999999997
M019,38.9,53.4,45.55,40.60000000000001,41.1,45.3,25.05,11.65,96.7,24.299999999999997
M143,35.6,55.2,42.1,37.5,36.3,41.9,22.95,11.95,102.0,25.599999999999994
M460,41.1,54.4,46.35,41.7,40.9,46.15,24.0,13.35,105.8,29.200000000000003
M040,38.2,54.3,45.9,36.79999999999998,47.0,48.0,27.25,12.75,102.9,28.5
F458,34.1,54.5,44.8,37.8,40.75,51.5,31.35,12.1,99.2,25.900000000000006
M371,39.9,56.6,52.15,43.8,47.85,50.45,29.05,14.0,104.8,30.299999999999997
F035,34.4,46.1,42.6,35.400000000000006,37.15,43.95,24.95,11.6,91.8,28.299999999999997
F095,34.6,50.5,45.4,34.70000000000002,39.5,48.35,28.75,11.85,96.6,30.0
F019,32.8,52.5,40.85,32.400000000000006,33.65,46.0,27.3,11.3,98.4,28.400000000000006
F479,34.5,50.7,45.6,34.10000000000001,40.0,48.2,27.75,11.35,93.6,28.69999999999999
M282,38.8,56.1,45.8,41.10000000000001,39.75,47.65,47.35,13.85,105.2,28.10000000000001
F468,34.2,53.0,46.4,35.70000000000002,40.2,45.35,26.25,11.2,98.6,26.799999999999997
F370,35.5,53.5,47.35,37.400000000000006,43.5,51.25,32.25,12.35,100.0,29.400000000000006
M219,39.8,52.9,47.3,44.5,42.1,32.1,28.55,12.2,98.1,25.0
M051,40.6,54.5,46.6,40.5,37.65,47.7,27.4,13.15,106.4,27.0
M268,41.6,98.1,47.0,41.0,37.1,48.0,49.1,13.15,106.9,28.0
F258,34.3,49.7,49.3,34.0,40.85,45.0,25.85,11.2,93.0,28.200000000000003
F129,32.3,53.0,43.0,33.19999999999999,37.15,46.1,26.2,11.65,95.5,26.0
F355,34.1,55.5,39.9,36.70000000000002,34.6,46.0,26.5,12.45,106.1,25.5
F382,30.4,46.2,44.2,32.2,37.6,42.45,24.75,10.7,88.3,28.099999999999994
F261,35.1,49.5,48.25,38.69999999999999,43.75,47.6,26.0,12.1,95.5,26.299999999999997
F489,30.9,46.6,45.3,30.099999999999994,37.6,42.7,26.4,11.8,87.2,24.700000000000003
M020,42.7,56.0,42.55,37.30000000000001,35.45,46.7,27.2,12.2,107.6,29.69999999999999
F207,32.6,45.2,44.75,37.0,37.2,44.3,26.15,11.4,87.8,22.799999999999997
M111,38.0,54.5,45.0,37.3,43.5,45.6,26.7,12.2,101.7,26.60000000000001
F092,35.0,49.5,50.4,34.099999999999994,44.15,47.5,27.4,12.25,95.0,31.799999999999997
M318,37.6,53.0,42.8,37.900000000000006,36.5,43.55,25.6,11.9,102.1,28.69999999999999
F460,33.9,49.3,44.0,35.400000000000006,38.25,46.0,29.3,12.5,88.1,25.89999999999999
M126,40.5,54.9,47.7,39.89999999999999,45.25,50.3,30.15,13.5,103.7,25.10000000000001
F250,33.5,51.5,43.5,38.099999999999994,35.65,47.35,27.95,12.2,98.0,28.400000000000006
M439,33.6,54.2,45.9,39.5,44.35,45.7,25.8,12.45,102.6,26.69999999999999
F222,35.8,54.5,46.0,39.999999999999986,43.65,50.8,30.85,12.75,98.2,27.700000000000003
M418,35.2,51.5,45.85,40.5,46.1,48.15,25.4,12.4,97.9,28.200000000000003
M207,40.1,53.7,51.0,40.5,47.95,50.25,29.25,13.85,101.6,28.39999999999999
F434,33.1,51.2,41.5,38.099999999999994,34.5,43.75,24.5,10.6,95.5,25.0
F238,34.5,56.0,42.3,35.29999999999998,34.35,44.95,26.7,11.9,102.9,25.700000000000003
M358,41.4,56.6,42.3,37.30000000000001,36.45,44.85,24.9,12.95,112.1,33.8
F330,33.6,51.7,38.9,34.20000000000002,30.45,41.15,25.15,11.2,101.1,28.799999999999997
M301,37.4,53.1,46.75,33.099999999999994,40.35,46.0,26.0,12.6,101.6,31.799999999999997
F490,34.8,52.3,43.15,34.999999999999986,33.85,47.0,27.6,11.1,99.2,26.200000000000003
M216,40.0,56.8,48.35,42.3,45.5,50.6,30.6,12.9,105.8,29.299999999999997
M214,38.4,54.9,45.8,37.29999999999998,38.95,47.5,27.4,13.15,106.4,27.10000000000001
F453,32.0,51.0,47.7,36.099999999999994,39.75,49.6,27.25,12.75,95.9,27.700000000000003
M455,41.6,57.5,49.8,39.3,49.2,52.85,30.5,14.15,107.3,27.299999999999997
F357,35.0,53.0,40.75,37.5,33.95,44.8,28.0,11.45,101.5,29.0
F016,35.5,52.3,45.3,37.5,39.0,51.35,30.85,12.45,98.9,27.900000000000006
F166,33.2,53.2,40.0,33.099999999999994,33.45,46.9,26.35,11.5,98.5,30.0
M048,39.5,57.9,42.9,42.10000000000001,41.85,44.9,25.0,12.45,100.8,20.099999999999994
M204,39.4,52.4,49.55,39.2,43.65,48.65,30.25,11.95,101.8,25.299999999999997
M280,40.2,57.2,44.65,42.7,36.0,47.3,26.9,13.65,106.7,25.60000000000001
M152,38.3,54.8,43.75,41.10000000000001,41.6,46.95,46.6,12.45,103.3,28.099999999999994
M283,38.8,53.3,44.8,39.7,43.4,46.65,26.6,12.85,101.7,28.700000000000003
M473,40.1,56.2,46.0,41.89999999999999,40.75,45.75,23.75,12.9,105.7,26.60000000000001
M436,38.3,56.9,49.6,46.2,53.8,49.4,28.75,14.3,99.8,26.700000000000003
M262,38.4,56.8,50.7,38.900000000000006,48.2,50.6,29.4,13.1,101.4,27.80000000000001
M435,38.8,57.6,48.2,48.19999999999999,44.75,46.55,26.4,12.9,101.4,25.700000000000003
M243,37.3,51.6,42.5,41.499999999999986,39.1,42.4,21.65,12.4,94.7,26.10000000000001
M124,40.6,55.1,46.95,35.39999999999999,45.85,45.8,25.1,13.3,105.2,30.10000000000001
M089,36.8,54.4,42.15,36.599999999999994,38.55,44.1,25.05,13.15,103.9,27.5
M383,38.2,53.3,45.4,42.599999999999994,44.15,44.6,24.6,13.35,99.4,26.60000000000001
F433,32.9,51.5,46.25,35.5,41.0,46.6,27.0,11.25,100.5,29.200000000000003
M425,37.6,54.1,50.2,41.7,45.7,47.45,27.3,13.75,99.8,28.39999999999999
F239,31.6,50.4,45.05,38.099999999999994,43.5,46.5,27.1,13.0,89.4,24.900000000000006
F342,33.0,52.0,44.75,35.60000000000001,37.1,47.0,27.5,11.5,93.2,28.299999999999997
M234,38.8,54.8,45.7,40.19999999999999,40.1,48.0,29.0,12.4,105.5,27.0
F223,36.3,51.3,54.75,36.900000000000006,50.6,47.9,26.1,12.0,97.1,29.0
F090,32.3,52.7,42.5,34.099999999999994,33.4,45.0,26.5,11.0,97.1,27.599999999999994
F159,31.3,50.8,39.25,34.30000000000001,31.3,42.85,25.4,11.55,99.0,29.0
F312,34.5,51.0,42.25,33.80000000000001,33.5,43.8,26.75,11.65,96.5,26.400000000000006
F317,35.5,51.0,44.0,31.700000000000017,36.5,47.35,27.3,11.4,97.1,28.5
F491,33.4,50.4,42.0,34.80000000000001,35.4,42.25,23.9,11.55,97.1,26.299999999999997
F475,32.3,53.5,46.75,36.099999999999994,42.05,48.7,28.8,11.45,98.4,27.10000000000001
M487,33.0,53.7,43.4,34.80000000000001,41.95,44.9,25.1,12.3,102.1,29.0
M277,41.0,54.7,44.8,38.7,40.5,45.65,25.4,12.25,103.2,29.0
F144,35.9,49.3,46.1,32.999999999999986,36.95,46.9,27.0,12.2,95.2,28.200000000000003
M303,36.3,55.8,42.25,36.10000000000001,34.15,43.5,25.9,12.75,101.7,26.900000000000006
F321,34.5,50.5,41.05,35.900000000000006,35.5,44.65,25.45,10.95,95.5,26.299999999999997
M114,36.2,54.3,44.8,34.80000000000001,40.25,46.6,26.25,12.75,100.1,29.19999999999999
M237,41.6,54.6,53.2,40.099999999999994,51.95,53.7,31.35,14.05,99.1,29.799999999999997
F009,35.4,52.1,45.65,31.900000000000006,37.95,48.9,28.9,12.1,98.6,27.0
M326,39.6,57.8,46.15,39.0,43.05,47.35,26.3,12.5,106.5,29.700000000000003
M054,43.0,55.3,49.05,37.69999999999999,39.85,47.65,28.5,12.85,107.4,31.0
F334,32.9,52.4,39.0,35.30000000000001,30.25,41.1,22.75,10.8,94.5,24.299999999999997
M038,41.4,56.3,49.7,36.0,43.25,49.25,28.5,13.35,106.6,27.69999999999999
F461,32.5,50.5,36.8,35.400000000000006,26.3,42.2,23.3,11.45,96.6,25.19999999999999
F361,32.5,52.3,43.0,37.70000000000002,37.95,46.5,27.35,11.75,99.1,28.599999999999994
F183,38.6,56.3,43.75,39.0,35.0,45.3,27.75,12.3,104.5,28.200000000000003
F136,33.2,50.0,38.25,35.5,32.4,45.25,25.5,11.0,94.6,28.19999999999999
F391,33.0,50.2,50.5,38.60000000000001,42.7,43.5,23.85,11.2,93.2,24.299999999999997
F405,33.8,51.5,44.5,35.8,34.35,47.3,28.7,11.15,95.8,25.700000000000003
M404,40.1,56.1,50.9,41.8,45.6,50.6,30.1,13.65,105.3,31.700000000000003
F101,36.8,52.0,49.65,37.2,43.45,47.95,28.35,10.95,92.8,26.299999999999997
M440,39.1,52.5,45.3,42.599999999999994,38.15,44.25,26.2,12.55,98.4,27.200000000000003
F192,36.2,52.7,51.65,37.099999999999994,46.75,46.35,23.8,12.0,92.0,27.200000000000003
F285,36.8,52.6,47.0,37.80000000000001,38.3,48.35,29.25,12.0,99.5,25.900000000000006
M396,36.6,53.6,44.9,41.89999999999999,39.3,44.8,25.6,13.05,99.8,29.799999999999997
F080,37.3,52.7,49.7,41.000000000000014,43.6,49.5,29.1,12.25,96.3,27.599999999999994
F301,30.4,52.1,43.8,34.19999999999999,35.95,45.45,27.25,11.5,95.5,25.5
F142,35.8,50.4,49.75,33.900000000000006,42.85,49.25,30.0,11.65,96.5,30.0
F310,37.0,51.5,47.1,33.89999999999999,44.15,49.1,28.1,13.5,93.7,27.60000000000001
F409,36.1,50.3,45.5,37.2,38.3,47.2,26.5,11.3,93.8,25.799999999999997
F337,37.2,52.5,41.8,37.5,35.9,46.0,27.7,12.1,97.0,25.900000000000006
F155,32.9,48.8,42.2,34.2,36.4,46.75,26.65,11.15,92.8,26.5
M088,42.0,51.2,49.3,36.39999999999999,44.5,48.7,29.55,12.55,98.2,26.60000000000001
F146,34.5,52.3,48.8,33.69999999999999,41.9,49.5,28.15,11.9,100.9,30.80000000000001
M136,39.1,58.6,43.45,40.39999999999999,36.9,46.6,29.2,13.35,110.3,25.39999999999999
F175,33.7,52.0,40.35,34.900000000000006,35.0,45.3,26.25,12.0,100.5,28.5
F038,33.9,51.0,40.15,34.099999999999994,30.0,40.0,22.25,11.25,99.0,29.299999999999997
M069,36.5,54.4,50.5,38.400000000000006,45.5,50.65,31.25,12.5,106.0,32.3
F204,33.7,46.7,47.75,36.599999999999994,38.9,46.25,26.9,11.4,85.4,22.60000000000001
F393,32.3,51.5,46.35,34.999999999999986,44.15,45.75,26.35,11.95,94.2,26.60000000000001
M276,39.0,57.7,45.9,39.599999999999994,39.5,45.75,28.0,13.2,104.6,27.599999999999994
F180,36.1,54.1,45.0,38.19999999999999,40.4,46.85,26.35,11.25,97.9,27.60000000000001
M340,37.9,57.0,47.25,38.10000000000001,43.0,47.5,26.55,13.5,105.2,27.700000000000003
F151,35.6,54.7,40.1,36.19999999999999,32.4,47.35,28.45,12.45,101.0,24.5
F184,35.6,51.2,47.25,35.500000000000014,40.6,44.5,26.0,11.85,96.8,30.39999999999999
F015,32.6,51.5,38.45,36.0,30.95,45.0,25.6,11.4,97.9,29.200000000000003
M179,41.3,54.1,46.95,39.900000000000006,39.45,45.5,27.5,13.6,101.4,27.5
F462,36.7,55.3,47.5,35.19999999999999,39.15,42.9,23.3,11.4,103.0,28.0
F084,34.2,53.1,40.25,36.89999999999999,35.3,47.0,26.6,12.25,98.8,27.099999999999994
M189,42.5,55.8,44.6,40.2,35.65,46.75,27.0,12.85,107.7,28.799999999999997
M235,39.2,56.5,45.6,38.099999999999994,39.95,47.5,27.75,13.75,106.1,29.099999999999994
F249,32.7,50.3,42.4,35.099999999999994,35.5,46.3,27.5,12.15,93.4,27.80000000000001
F156,35.1,51.5,47.6,36.5,39.65,46.2,25.35,11.25,95.5,29.5
M297,40.1,50.6,44.75,36.30000000000001,41.5,46.25,28.8,12.8,103.0,28.700000000000003
F245,32.9,50.4,46.25,36.599999999999994,39.4,47.15,26.75,11.05,95.0,27.0
F231,36.5,53.0,41.9,38.39999999999999,36.75,45.45,27.05,11.3,96.2,25.200000000000003
F459,34.4,48.0,45.4,35.099999999999994,38.35,45.6,25.0,11.75,91.9,25.400000000000006
M053,39.5,56.4,47.15,38.400000000000006,43.5,47.5,27.25,12.5,104.9,28.400000000000006
F143,33.0,51.7,44.95,34.500000000000014,37.55,43.75,25.15,11.55,98.8,29.299999999999997
M491,38.7,54.0,47.0,40.099999999999994,42.3,48.05,27.05,13.3,103.6,31.39999999999999
M258,40.7,49.5,44.2,39.099999999999994,42.05,46.35,26.3,13.0,94.4,28.200000000000003
F196,33.2,52.3,46.25,37.10000000000001,40.6,45.0,25.45,11.75,95.2,29.299999999999997
F052,36.0,52.1,44.2,33.8,36.25,45.5,25.0,11.4,104.8,32.5
M117,41.0,54.3,43.45,36.900000000000006,41.65,45.1,25.6,12.95,103.5,25.599999999999994
F119,35.9,51.4,41.25,35.400000000000006,35.4,43.25,24.9,11.85,95.0,28.599999999999994
M278,38.9,52.5,49.15,41.10000000000001,41.85,48.7,29.25,13.4,98.8,23.89999999999999
F067,34.5,51.5,39.1,37.099999999999994,33.5,43.95,25.0,11.2,98.5,25.5
F392,35.8,51.6,41.5,37.400000000000006,36.2,44.0,25.35,11.15,98.1,27.799999999999997
F473,33.6,49.5,42.5,35.0,37.0,44.45,26.3,11.5,94.4,25.30000000000001
M209,39.5,56.9,47.0,41.599999999999994,42.6,48.2,27.35,12.95,106.4,29.30000000000001
F034,36.9,50.3,44.0,38.400000000000006,41.25,46.25,26.7,12.0,94.9,28.30000000000001
F431,34.3,48.5,46.5,39.2,42.2,48.6,30.15,12.15,86.2,21.60000000000001
M037,40.3,55.2,44.5,39.39999999999999,36.25,44.75,25.5,13.0,102.7,26.5
M125,37.5,52.3,45.65,37.499999999999986,45.85,45.2,26.5,12.7,95.7,24.400000000000006
M200,40.2,54.9,45.45,38.900000000000006,36.35,45.25,27.4,12.7,102.9,27.400000000000006
M427,39.0,58.4,47.6,44.89999999999999,48.9,48.65,27.8,13.35,104.8,29.200000000000003
F349,33.4,52.6,43.2,33.0,34.8,46.3,26.9,11.9,105.9,29.900000000000006
F062,34.1,52.7,50.65,35.80000000000001,44.0,48.0,28.7,12.4,98.6,31.099999999999994
M138,41.4,53.8,42.8,33.20000000000002,35.35,42.75,26.2,12.25,103.6,27.39999999999999
M014,40.7,54.4,49.15,37.30000000000001,44.65,49.95,30.3,12.7,104.5,34.599999999999994
M430,39.1,53.4,47.3,43.3,43.1,49.75,28.25,13.85,105.3,30.299999999999997
M139,39.4,53.4,43.8,36.599999999999994,40.55,47.35,29.7,12.85,102.1,27.19999999999999
F275,35.1,49.2,51.25,38.60000000000001,47.5,53.1,31.45,13.0,87.8,25.599999999999994
M197,40.5,54.8,45.45,42.5,39.4,47.5,27.65,13.15,107.4,29.80000000000001
M188,40.8,57.1,49.75,42.80000000000001,47.0,49.0,28.0,13.3,108.6,29.89999999999999
M369,37.0,57.8,44.45,42.400000000000006,38.05,45.5,26.05,12.4,106.0,28.200000000000003
M175,39.7,58.6,45.75,38.400000000000006,40.15,45.45,27.25,12.1,104.4,24.5
F027,33.6,54.3,45.0,38.400000000000006,37.2,47.35,27.25,12.3,98.4,27.60000000000001
M456,38.6,53.2,42.1,36.500000000000014,39.5,44.1,22.2,12.25,99.8,30.0
F467,32.2,53.7,48.0,36.0,42.45,45.6,24.15,12.0,98.5,26.700000000000003
M433,36.9,52.7,47.15,40.099999999999994,48.05,47.25,27.35,12.6,98.1,27.89999999999999
F435,37.3,55.0,44.95,38.099999999999994,38.9,49.8,27.6,12.7,99.5,27.200000000000003
F378,33.6,54.4,46.0,31.900000000000006,40.6,46.55,27.7,11.85,97.9,30.10000000000001
F094,32.3,51.0,43.9,36.0,35.9,49.0,29.65,11.0,99.5,29.900000000000006
F072,36.8,51.5,44.85,35.8,37.5,46.8,27.0,11.0,94.2,29.5
F422,35.3,53.3,41.3,37.5,33.0,45.25,26.4,11.8,100.1,23.89999999999999
F283,31.9,49.8,42.75,34.69999999999999,38.6,45.75,27.0,11.3,91.9,26.200000000000003
F296,34.7,54.8,43.35,34.10000000000001,35.4,45.6,26.6,11.2,103.8,28.89999999999999
F371,35.4,53.0,43.4,37.0,35.5,48.4,29.45,13.1,99.0,28.5
F365,34.6,52.8,45.45,32.900000000000006,39.2,50.0,28.9,12.75,99.0,29.799999999999997
F441,33.1,51.6,43.5,33.0,39.0,46.8,26.95,11.35,101.0,31.0
F289,33.1,48.2,48.15,36.2,41.2,46.75,26.75,11.5,91.6,27.0
F021,33.9,54.4,44.5,36.60000000000001,39.4,44.2,26.25,11.5,98.8,30.0
F193,34.6,50.9,39.75,35.3,32.65,43.2,26.1,11.3,97.3,26.799999999999997
F379,35.2,51.8,48.75,32.599999999999994,39.1,46.9,26.1,11.55,93.0,26.799999999999997
F477,33.4,53.5,39.8,40.900000000000006,34.5,45.1,27.4,11.6,100.1,24.69999999999999
M122,46.4,57.5,52.15,39.60000000000001,49.0,53.05,30.65,13.45,109.8,29.099999999999994
F234,33.0,49.7,39.8,31.200000000000003,31.4,45.5,26.0,10.75,96.3,26.599999999999994
M080,38.4,52.6,45.55,39.0,41.7,46.8,27.75,12.45,102.9,30.80000000000001
M240,40.3,54.8,48.7,40.8,46.4,46.4,27.85,12.4,100.2,26.900000000000006
M325,42.0,57.6,48.5,40.599999999999994,45.35,52.3,30.85,13.0,105.6,30.099999999999994
M009,38.9,55.9,48.1,33.89999999999999,43.85,50.95,29.85,13.6,108.2,32.5
M106,41.6,54.7,50.75,38.400000000000006,45.75,52.0,30.5,12.95,105.1,30.299999999999997
M116,41.4,56.6,47.75,36.60000000000001,42.9,47.9,29.15,12.2,104.8,25.89999999999999
F187,32.2,48.3,43.2,37.89999999999999,32.95,45.85,28.35,12.05,90.7,24.0
M172,38.6,56.9,45.95,40.0,39.4,46.15,25.65,13.25,109.5,29.599999999999994
M134,44.0,58.2,47.8,38.79999999999998,39.8,49.15,29.7,13.85,108.9,30.900000000000006
M092,43.3,60.7,49.65,40.400000000000006,44.25,52.0,30.7,13.4,115.4,33.2
M447,38.8,57.8,50.2,40.900000000000006,43.2,48.8,26.7,14.1,108.9,29.700000000000003
M013,40.1,54.4,42.45,37.500000000000014,36.15,43.45,24.9,13.6,103.8,28.5
F174,35.7,52.2,46.4,39.7,38.75,49.0,27.55,12.0,95.8,25.39999999999999
F259,32.4,54.4,53.3,38.0,47.05,50.35,31.25,11.85,97.5,27.0
M141,40.7,55.1,45.4,35.5,39.45,50.5,31.4,13.9,108.5,29.0
M387,39.5,57.1,47.35,41.70000000000002,45.35,49.15,28.95,13.45,104.6,30.69999999999999
M315,36.4,56.8,48.2,40.400000000000006,47.75,47.9,27.75,12.55,102.5,28.099999999999994
F386,33.9,50.7,44.1,37.400000000000006,33.2,46.75,27.65,11.25,95.4,27.80000000000001
F423,32.9,49.5,48.0,36.0,39.9,44.7,25.6,11.7,92.5,28.5
F085,35.0,49.0,47.75,38.39999999999999,40.75,48.5,27.95,11.5,89.2,27.1
F124,34.8,53.7,46.3,35.70000000000002,40.7,45.15,25.6,11.35,96.6,27.099999999999994
M304,37.6,56.0,51.75,35.5,46.15,48.4,28.75,12.7,102.0,31.400000000000006
M067,41.4,60.3,50.35,39.2,42.45,47.75,28.75,12.85,112.8,29.0
F401,34.2,54.4,43.2,37.8,35.55,45.45,26.5,11.45,98.7,24.299999999999997
F115,32.7,53.3,44.55,35.599999999999994,34.6,47.5,27.0,12.1,99.5,30.700000000000003
F125,33.9,55.5,46.05,37.599999999999994,34.0,48.55,29.45,12.05,103.9,28.60000000000001
F428,33.7,50.0,43.85,34.099999999999994,41.7,44.1,24.9,11.85,93.4,27.60000000000001
M046,37.4,51.4,47.8,37.80000000000001,43.75,48.8,29.1,12.25,93.5,26.099999999999994
F420,33.7,53.0,49.9,37.599999999999994,44.75,48.75,26.5,12.4,96.0,25.200000000000003
F103,37.4,53.3,50.5,36.599999999999994,45.25,52.75,32.6,12.0,97.0,28.799999999999997
M071,40.9,52.5,45.25,39.2,36.65,46.1,28.15,12.9,102.2,30.299999999999997
F100,36.8,52.0,42.75,35.29999999999998,34.25,43.75,25.75,11.2,96.9,28.0
F347,35.6,52.5,46.5,35.5,40.1,47.65,29.65,12.0,103.0,29.799999999999997
M489,34.4,57.3,47.65,38.8,45.55,47.4,26.95,13.7,103.8,29.200000000000003
M422,34.2,57.9,44.7,38.89999999999999,39.9,45.65,24.2,13.3,105.2,27.700000000000003
M434,39.5,54.4,51.4,42.80000000000001,48.85,52.95,29.9,14.25,99.0,30.200000000000003
M367,35.9,50.6,46.3,44.80000000000001,43.4,47.05,28.45,13.35,99.6,29.69999999999999
M101,44.6,55.7,46.1,39.70000000000002,41.15,49.0,28.1,13.5,105.6,26.099999999999994
M118,39.0,56.6,45.3,40.099999999999994,38.3,45.15,25.4,12.55,103.6,23.0
F105,34.8,51.5,42.65,37.30000000000001,36.0,47.25,27.15,12.15,99.5,30.299999999999997
F020,35.7,48.9,46.35,33.099999999999994,40.15,48.7,28.6,12.75,95.5,32.0
F407,33.3,55.4,43.25,38.20000000000002,37.95,45.45,27.75,11.75,101.6,26.0
M376,35.8,52.5,46.2,38.7,45.0,47.3,28.1,12.2,99.7,29.400000000000006
F054,35.3,52.5,47.3,34.900000000000006,40.4,44.25,24.6,11.9,100.9,28.60000000000001
F053,36.0,51.5,51.05,35.900000000000006,45.15,51.05,29.95,12.2,98.4,29.5
F340,33.3,50.8,40.25,35.400000000000006,36.2,45.25,26.0,11.0,97.6,29.19999999999999
F178,36.4,50.3,46.75,40.500000000000014,41.7,48.0,28.2,11.75,92.8,27.099999999999994
M431,38.1,57.0,43.4,43.000000000000014,41.05,44.75,24.1,11.9,101.8,24.599999999999994
M378,41.0,55.9,52.7,42.19999999999999,49.1,52.15,31.2,14.15,104.5,31.799999999999997
M105,41.6,55.8,47.45,39.10000000000001,42.85,47.25,28.55,12.75,103.7,25.0
M342,38.0,55.1,46.45,36.7,37.1,45.4,27.35,13.35,102.3,30.099999999999994
F111,37.4,52.8,44.25,39.7,37.2,47.95,28.7,11.65,98.3,26.89999999999999
F437,35.4,53.0,43.85,36.60000000000001,32.0,42.4,26.0,12.0,98.2,24.10000000000001
F189,35.1,53.0,41.25,36.79999999999998,34.95,46.8,28.7,10.9,104.4,30.10000000000001
F455,33.5,50.8,50.25,35.5,47.85,49.55,28.05,12.3,92.5,25.700000000000003
F427,32.0,52.4,43.6,31.799999999999997,36.35,43.75,25.7,11.3,99.2,28.5
M155,42.5,57.0,50.15,39.80000000000001,46.9,50.65,30.25,13.5,105.0,27.900000000000006
M498,38.4,54.5,45.85,42.69999999999999,41.0,46.6,26.55,13.15,98.5,26.099999999999994
M165,39.5,54.5,44.85,40.89999999999999,40.0,45.85,26.95,12.65,103.2,28.200000000000003
F188,35.6,50.7,42.5,37.2,33.8,45.5,26.2,11.65,97.8,30.0
F406,30.8,46.5,40.2,35.69999999999999,33.5,41.25,25.1,10.25,82.4,21.400000000000006
M182,40.5,52.7,45.5,40.19999999999999,37.0,44.7,25.6,12.5,99.0,25.900000000000006
M423,40.6,54.7,48.7,41.79999999999998,42.95,45.25,23.7,12.7,100.4,26.200000000000003
M461,40.5,53.8,28.55,38.7,45.8,47.15,27.1,13.65,102.7,30.400000000000006
M190,41.5,58.0,51.7,44.60000000000001,51.6,52.15,31.0,12.75,103.2,25.799999999999997
F394,36.9,53.3,41.8,37.900000000000006,35.3,47.75,28.5,11.1,97.0,25.5
M457,39.3,53.4,48.2,40.8,46.5,47.6,27.25,13.4,96.7,27.10000000000001
F268,31.6,50.5,41.25,34.500000000000014,33.75,47.15,28.35,11.35,96.3,28.299999999999997
M045,38.6,55.6,47.8,35.599999999999994,43.1,47.75,27.5,13.15,103.9,30.900000000000006
F346,33.1,54.5,38.9,33.599999999999994,33.0,47.45,28.0,11.9,104.0,31.599999999999994
M437,36.7,55.1,42.55,38.39999999999999,38.1,43.05,23.35,11.95,103.2,29.400000000000006
F024,35.6,52.2,41.75,36.000000000000014,32.15,43.0,24.95,11.75,100.8,29.0
F012,35.4,50.3,42.05,36.900000000000006,35.95,47.55,28.0,11.6,92.1,26.69999999999999
M018,39.4,54.1,42.05,38.20000000000002,39.85,47.9,29.05,13.35,104.6,31.39999999999999
F267,35.9,50.8,44.25,37.500000000000014,35.9,45.5,25.95,11.7,98.8,26.599999999999994
M052,39.5,56.2,43.7,37.5,41.0,47.5,28.8,12.5,106.1,30.5
M263,39.2,58.8,52.55,39.10000000000001,48.6,49.5,29.5,13.45,105.7,30.200000000000003
M266,40.3,60.5,42.35,41.10000000000001,35.5,42.8,23.6,12.25,110.8,28.39999999999999
M379,38.3,51.9,47.6,40.400000000000006,42.35,46.3,27.55,12.45,96.0,28.400000000000006
F404,36.1,49.5,44.2,37.7,36.4,45.9,26.4,10.8,91.8,24.0
F233,34.6,50.5,50.25,36.3,42.1,45.6,26.2,12.25,93.7,23.200000000000003
F190,35.1,48.5,46.7,37.60000000000001,40.45,47.0,27.25,11.1,90.7,26.200000000000003
F30,32.1,49.8,40.85,36.3,35.15,41.8,23.6,11.75,91.5,26.0
M424,36.7,55.8,47.65,39.89999999999999,42.8,44.75,25.1,11.95,102.2,29.5
F335,33.3,51.4,46.4,31.900000000000006,39.9,46.15,26.4,12.15,99.0,31.5
M306,37.1,54.7,49.6,36.39999999999999,48.0,49.7,28.95,12.75,103.7,30.799999999999997
F018,53.2,52.3,39.0,36.39999999999999,31.2,44.0,26.1,11.6,100.8,28.89999999999999
F260,33.4,53.0,48.65,40.70000000000002,43.9,48.25,27.6,12.05,95.6,27.5
F032,34.6,54.0,45.65,35.099999999999994,41.2,47.65,27.4,12.4,100.6,29.799999999999997
F367,36.4,53.6,44.05,34.10000000000001,36.4,45.6,26.8,11.8,100.7,26.900000000000006
F232,34.0,51.5,41.25,35.89999999999999,34.65,44.25,25.8,12.0,97.8,23.0
M239,38.7,58.3,4.65,37.8,39.1,47.9,28.9,12.65,103.8,29.299999999999997
M441,39.4,58.8,45.35,42.20000000000002,42.75,46.9,25.9,13.75,111.6,31.599999999999994
M484,36.0,56.3,49.15,38.79999999999998,48.2,48.65,28.6,14.35,107.9,28.80000000000001
M095,41.4,55.2,45.9,38.7,40.6,43.5,25.25,12.8,103.2,28.299999999999997
F351,37.2,51.8,47.75,41.5,43.0,47.9,28.35,12.75,95.9,27.30000000000001
F442,34.5,52.7,47.0,36.80000000000001,42.1,45.75,27.25,11.15,98.1,26.299999999999997
M058,39.7,54.9,47.6,38.79999999999998,41.95,48.75,29.0,12.5,102.9,29.60000000000001
M336,35.6,52.2,43.15,32.79999999999998,38.05,45.5,28.25,12.0,100.9,29.30000000000001
F214,35.0,53.0,44.8,36.499999999999986,36.9,45.25,27.3,11.65,100.7,25.299999999999997
M137,40.3,53.7,49.75,36.60000000000001,48.45,50.25,31.4,13.1,99.7,24.900000000000006
F104,35.8,32.7,41.5,35.900000000000006,33.0,45.1,26.7,11.75,97.5,27.299999999999997
M065,43.5,57.6,50.25,40.099999999999994,46.6,53.35,32.1,13.65,105.5,30.5
F079,37.3,54.2,57.4,43.3,52.15,55.5,33.15,13.0,94.2,26.5
M300,35.1,53.5,41.75,40.3,34.95,42.75,23.55,12.3,102.2,31.400000000000006
F295,34.4,53.7,44.5,38.099999999999994,35.5,47.8,28.0,11.8,99.0,25.700000000000003
M307,38.4,57.1,48.25,38.0,40.15,47.6,28.25,12.5,104.9,29.60000000000001
F445,33.1,48.0,44.55,35.099999999999994,41.1,45.65,26.25,11.35,90.4,23.80000000000001
F164,34.7,52.7,43.35,37.20000000000002,37.0,43.2,23.7,12.15,96.6,26.89999999999999
F086,36.0,54.0,41.8,36.89999999999999,32.75,44.0,25.85,11.5,100.7,29.0
M236,41.1,55.9,47.95,40.5,42.95,49.1,30.15,11.05,103.6,28.69999999999999
F457,33.5,50.6,42.35,36.2,35.75,45.1,27.75,11.3,95.2,25.700000000000003
F199,33.9,51.9,39.2,36.3,32.95,44.75,25.0,11.5,98.2,26.299999999999997
F282,37.0,54.3,44.5,38.3,37.15,47.0,27.75,12.6,99.7,28.5
F247,32.7,51.2,41.25,36.099999999999994,33.75,44.25,27.25,11.65,95.0,26.0
F499,32.8,49.6,41.85,34.60000000000001,36.65,48.9,29.0,11.3,97.2,29.200000000000003
F128,36.4,54.0,41.4,37.39999999999999,36.75,48.35,27.0,11.25,105.3,32.8
M321,40.0,59.6,46.9,40.30000000000001,41.95,48.35,28.6,12.85,107.5,28.799999999999997
M031,42.6,55.1,46.0,39.0,39.75,46.55,27.4,12.5,102.6,29.19999999999999
M313,39.1,59.0,51.5,41.5,51.5,51.45,29.3,13.55,105.0,29.5
M098,40.9,51.0,47.05,39.2,43.65,47.6,26.0,13.5,99.7,29.0
F137,34.8,51.4,42.9,37.0,33.85,44.3,24.95,11.3,98.5,26.900000000000006
F127,33.7,49.5,40.5,36.39999999999999,32.25,44.3,26.35,11.5,94.2,26.60000000000001
F485,32.9,49.0,46.75,35.5,42.0,44.25,24.25,11.35,92.0,25.599999999999994
M199,41.1,63.5,51.1,40.69999999999999,46.0,50.25,29.0,14.5,107.0,27.5
F068,35.3,49.8,43.65,36.30000000000001,38.0,45.85,27.15,11.1,95.1,28.19999999999999
M186,39.6,59.0,44.5,41.79999999999998,41.75,49.5,29.6,12.85,107.9,28.0
M413,39.8,55.3,48.45,40.89999999999999,43.9,48.85,29.2,13.15,106.2,32.7
F380,32.5,50.8,46.4,36.900000000000006,39.6,46.5,27.4,12.0,90.0,24.700000000000003
F279,34.0,48.8,46.1,33.5,43.75,45.75,26.5,11.6,92.3,27.200000000000003
F057,35.4,50.0,45.0,34.30000000000001,39.2,52.7,31.75,12.4,101.1,33.39999999999999
F360,34.8,52.3,45.3,37.10000000000001,36.3,49.25,26.1,11.65,102.7,30.700000000000003
F206,33.0,53.7,42.75,36.20000000000002,32.4,45.35,26.1,11.8,103.1,27.0
M500,39.0,56.1,45.85,43.80000000000001,36.15,46.95,27.65,13.1,101.5,26.700000000000003
M337,38.2,54.6,44.85,40.900000000000006,45.0,45.8,26.5,12.5,102.0,29.099999999999994
M392,37.9,51.4,47.45,39.2,44.9,47.25,27.15,13.25,97.2,32.10000000000001
F274,33.5,58.2,39.0,37.0,34.75,45.75,26.1,11.9,106.0,26.299999999999997
F454,32.8,54.0,47.4,37.099999999999994,45.4,48.25,27.4,11.35,97.4,29.900000000000006
M217,39.5,54.3,49.15,41.099999999999994,45.6,49.75,29.6,13.7,101.5,28.0
F314,36.1,52.7,42.6,32.3,36.75,45.15,25.8,11.0,98.7,28.900000000000006
F352,33.4,52.5,46.4,37.5,37.5,46.05,27.15,11.1,97.4,27.10000000000001
M467,34.3,51.3,43.45,36.79999999999998,42.85,45.0,25.2,13.2,101.9,33.5
F160,33.7,51.0,38.75,36.89999999999999,31.4,41.6,21.45,11.15,98.3,25.5
F135,36.7,57.6,45.25,37.10000000000001,37.0,46.1,27.0,12.5,104.2,30.299999999999997
M401,37.6,54.8,45.2,39.39999999999999,42.15,45.4,24.9,13.95,102.8,27.099999999999994
F061,37.6,55.7,44.4,37.8,36.85,48.5,28.0,11.8,103.8,28.200000000000003
F364,34.6,50.8,42.75,39.30000000000001,36.85,47.7,27.7,11.5,94.6,27.39999999999999
M428,36.6,56.2,42.45,41.599999999999994,37.85,42.95,23.55,12.95,102.9,28.10000000000001
F153,31.3,51.1,39.25,35.400000000000006,33.1,42.65,25.5,11.55,98.0,28.0
F482,32.6,52.7,44.9,36.500000000000014,36.5,47.85,28.0,11.9,101.8,28.700000000000003
F410,32.7,50.3,49.6,34.19999999999999,44.05,45.6,24.4,11.25,92.9,29.800000000000004
M132,41.6,56.6,46.4,40.7,44.2,47.85,29.05,14.0,109.7,28.5
F331,33.8,50.0,40.6,34.2,31.1,42.45,23.0,11.6,95.8,24.200000000000003
F028,33.8,54.4,39.95,36.20000000000002,36.1,45.3,25.8,11.6,101.6,27.39999999999999
M312,37.5,57.3,45.35,38.7,39.95,47.25,28.0,12.5,103.7,27.400000000000006
M377,38.6,55.3,44.65,44.20000000000002,41.6,45.7,26.75,13.35,104.6,27.69999999999999
M311,38.5,57.5,43.0,38.30000000000001,36.45,44.25,25.9,12.4,105.1,27.599999999999994
F418,32.8,55.2,48.85,35.10000000000001,41.5,48.5,28.9,11.9,96.7,28.200000000000003
M057,40.7,52.0,48.5,40.30000000000001,40.15,49.0,28.95,13.1,98.5,25.5
M127,41.1,96.2,49.2,34.80000000000001,49.0,51.3,32.5,13.6,102.6,28.39999999999999
F049,34.2,49.4,39.45,36.500000000000014,35.2,45.5,25.75,11.25,96.3,29.0
F256,35.9,52.5,47.1,35.3,39.3,49.3,27.4,12.2,98.3,28.599999999999994
M331,39.7,58.3,56.2,40.0,49.85,55.0,33.1,13.0,103.6,29.599999999999994
M174,38.0,55.8,49.15,39.39999999999999,45.45,50.55,30.15,12.95,105.3,30.799999999999997
M259,37.9,54.6,54.2,43.89999999999999,56.25,52.75,30.4,12.85,90.3,24.39999999999999
M360,40.7,54.2,56.7,45.79999999999998,58.25,54.75,32.05,14.75,99.4,29.10000000000001
F165,35.7,50.8,42.05,35.0,34.4,44.9,25.35,11.85,97.9,30.700000000000003
F298,32.5,49.9,50.6,34.099999999999994,42.1,48.9,27.7,11.5,91.7,29.200000000000003
M110,42.6,56.9,51.0,36.400000000000006,48.1,52.75,31.8,13.1,107.1,30.0
M090,39.8,55.2,40.65,40.10000000000001,30.65,42.5,23.75,12.35,101.7,25.799999999999997
M411,37.3,54.6,46.1,37.89999999999999,44.85,48.9,27.8,12.95,105.8,34.3
F026,34.6,54.5,43.0,35.10000000000001,36.75,51.0,29.75,11.75,93.8,28.799999999999997
F138,30.7,55.0,42.7,35.8,34.7,47.15,28.0,11.95,103.2,26.900000000000006
F333,33.8,52.5,40.05,31.000000000000014,32.7,45.85,26.25,11.5,104.8,29.39999999999999
F266,35.1,51.3,46.5,56.39999999999999,39.0,45.6,26.5,11.5,76.3,18.4
M339,33.1,55.7,43.8,38.099999999999994,39.5,44.55,26.6,12.25,108.5,29.5
M465,35.5,51.6,46.55,40.10000000000001,44.85,45.8,24.9,11.95,94.3,28.0
F201,33.3,49.5,46.75,31.400000000000006,44.5,46.95,27.3,12.3,88.6,28.599999999999994
F126,36.0,53.5,42.0,36.3,32.5,45.25,26.45,11.4,102.7,28.10000000000001
M123,40.6,55.7,40.15,40.39999999999999,33.4,45.55,23.7,12.1,105.8,25.099999999999994
F191,33.6,49.9,45.35,34.5,39.55,47.75,28.25,11.7,91.9,26.10000000000001
F311,32.9,49.2,43.95,34.7,40.05,46.7,26.85,12.25,91.1,29.099999999999994
M264,41.5,55.4,44.65,41.900000000000006,40.1,45.4,25.85,13.2,102.6,27.799999999999997
M218,45.6,63.3,58.25,45.3,53.85,56.25,33.45,14.8,112.2,29.0
M229,40.3,57.5,44.45,39.2,40.25,47.0,26.65,12.7,105.8,29.5
M191,39.3,55.3,46.85,37.60000000000001,44.4,50.05,32.2,12.5,102.8,26.799999999999997
M443,38.6,56.9,46.55,40.0,43.85,46.65,25.8,13.45,105.6,28.099999999999994
M036,38.3,54.2,42.6,35.69999999999999,35.5,42.35,24.0,12.0,99.0,28.700000000000003
M485,34.5,53.3,43.85,33.400000000000006,43.35,43.35,24.75,12.4,99.9,26.900000000000006
F056,33.7,54.4,44.9,33.000000000000014,38.35,45.5,26.5,12.1,101.8,30.200000000000003
M410,32.8,50.5,43.1,40.39999999999999,39.7,46.4,26.1,12.95,102.2,28.799999999999997
F168,34.0,49.8,50.6,34.8,49.9,46.2,26.1,11.85,91.8,26.89999999999999
M397,37.9,51.7,44.7,38.099999999999994,41.3,46.2,27.55,12.45,97.6,29.39999999999999
F182,34.0,50.0,46.75,36.099999999999994,38.1,43.5,23.8,10.75,96.9,28.30000000000001
F025,34.3,51.0,41.4,39.69999999999999,34.35,43.25,24.9,11.15,94.9,27.80000000000001
M030,41.9,53.5,48.05,40.2,41.3,49.5,46.85,12.5,97.8,28.39999999999999
F059,38.1,51.0,45.0,38.0,38.2,48.9,28.95,11.8,104.0,32.5
M471,40.8,56.6,47.25,39.500000000000014,40.0,50.2,29.65,14.15,111.3,31.200000000000003
M343,37.2,52.4,51.4,36.10000000000001,48.2,48.25,27.95,12.8,100.8,27.299999999999997
M034,43.4,54.0,47.25,34.499999999999986,42.0,48.75,29.6,12.65,100.2,30.10000000000001
M192,40.0,60.4,49.5,47.2,42.1,49.5,29.85,13.65,103.3,27.89999999999999
F492,34.7,50.3,46.0,36.400000000000006,40.4,45.25,26.25,11.7,94.0,25.799999999999997
F294,34.3,48.1,39.85,32.19999999999999,33.7,45.0,25.25,10.65,100.5,32.3
M409,38.4,51.9,46.9,41.30000000000001,44.15,49.7,29.95,12.85,97.1,30.599999999999994
M210,41.3,58.0,52.7,45.400000000000006,51.8,56.35,34.6,13.5,103.4,27.0
F236,32.5,53.0,43.2,36.000000000000014,36.5,44.8,25.2,11.9,96.8,25.5
F036,34.6,55.5,38.9,38.2,31.25,43.35,24.0,12.15,102.8,28.39999999999999
M287,41.2,56.7,51.65,38.5,44.5,50.1,28.75,13.7,109.9,28.60000000000001
F448,34.3,55.0,38.35,37.099999999999994,33.0,42.9,25.0,11.5,103.5,27.599999999999994
M452,41.2,55.2,47.45,41.7,44.8,49.85,28.85,14.05,105.8,32.39999999999999
F375,34.5,49.1,49.2,31.900000000000006,44.2,51.0,29.25,11.75,90.5,26.5
F240,34.8,50.2,48.5,39.5,44.7,50.7,30.4,11.65,89.5,24.0
F048,33.3,53.8,44.1,35.7,37.25,46.85,26.25,11.95,104.3,30.89999999999999
M466,38.3,54.8,45.75,40.0,49.35,48.7,27.65,13.3,103.9,30.900000000000006
F385,34.0,53.6,46.85,38.599999999999994,39.3,49.55,29.5,12.45,97.0,27.700000000000003
F481,33.0,47.3,41.75,32.8,36.15,44.15,27.25,11.75,93.0,27.700000000000003
M468,37.4,54.0,50.35,37.7,49.0,51.45,31.85,13.85,102.7,31.60000000000001
M353,44.3,55.2,47.35,41.80000000000001,42.1,49.45,28.9,12.8,108.6,31.599999999999994
M238,39.0,51.8,44.6,41.70000000000002,42.0,46.45,26.85,12.15,96.1,28.0
F205,32.1,52.4,42.05,38.8,33.6,45.95,27.9,12.0,97.2,26.299999999999997
M356,40.9,59.1,47.8,38.80000000000001,41.85,49.2,30.25,12.55,112.1,32.89999999999999
M366,36.9,52.6,44.45,42.000000000000014,40.1,46.05,25.1,13.3,98.8,27.700000000000003
M022,41.6,57.0,47.8,38.19999999999999,41.85,51.15,30.3,13.3,110.4,30.80000000000001
M470,38.2,57.8,42.15,37.599999999999994,34.85,41.6,23.8,11.9,106.5,27.5
M333,41.8,57.6,49.35,41.900000000000006,50.25,51.5,30.2,13.5,101.6,26.599999999999994
M100,38.3,52.8,43.4,37.900000000000006,43.9,44.0,25.15,12.15,103.6,29.19999999999999
M469,38.4,51.0,46.45,41.8,39.9,46.25,26.95,12.65,99.3,28.39999999999999
M453,41.8,57.3,49.4,33.80000000000001,44.05,48.25,28.6,13.0,107.5,29.200000000000003
F163,33.8,50.6,39.0,35.8,31.7,46.7,26.8,11.45,99.7,28.299999999999997
M187,39.5,51.2,41.4,36.69999999999999,35.05,44.2,26.95,11.2,98.9,27.0
M206,41.1,55.6,46.0,37.3,39.65,46.9,26.5,13.5,105.8,29.89999999999999
M260,37.5,53.4,47.5,40.5,42.25,47.5,27.35,13.4,98.5,26.900000000000006
F122,33.5,51.3,45.0,36.400000000000006,40.85,46.25,25.4,11.4,92.5,26.799999999999997
F237,33.9,51.0,25.9,35.400000000000006,37.3,43.35,24.95,11.5,95.6,26.299999999999997
M194,41.8,53.0,47.0,37.80000000000001,44.2,48.95,28.95,12.4,100.6,26.19999999999999
F114,33.8,49.8,43.5,36.499999999999986,35.25,44.2,25.1,11.0,94.2,37.300000000000004
F432,33.7,51.0,47.3,33.89999999999999,40.5,47.35,28.2,11.85,95.7,28.799999999999997
F430,31.5,48.7,44.25,32.900000000000006,36.8,46.7,28.1,11.05,89.3,25.9
M255,41.7,61.0,48.6,41.60000000000001,44.65,48.65,29.1,13.75,107.3,29.299999999999997
M107,40.1,56.5,43.6,39.5,38.5,45.5,24.45,11.3,105.1,26.0
M285,41.7,56.9,47.55,39.900000000000006,40.2,49.5,29.45,12.65,107.4,28.60000000000001
F130,37.1,55.2,40.5,39.89999999999999,34.15,45.5,24.5,12.0,100.7,28.700000000000003
F064,33.8,50.5,39.75,35.30000000000001,31.75,43.5,25.9,12.0,99.6,29.89999999999999
F162,34.3,54.3,50.65,35.8,41.8,48.7,28.4,11.9,96.7,27.299999999999997
F414,33.5,51.0,41.7,37.80000000000001,35.0,44.65,23.6,11.35,93.0,24.099999999999994
M446,40.1,54.3,45.2,43.19999999999999,42.25,46.4,27.6,12.45,102.4,28.30000000000001
F218,34.3,52.2,39.4,37.7,30.85,42.4,24.2,11.0,99.8,24.099999999999994
M180,39.2,53.3,43.0,39.80000000000001,38.65,45.6,26.45,12.2,99.1,24.799999999999997
M346,42.8,54.6,51.05,41.69999999999999,48.6,50.1,27.3,13.3,103.4,31.700000000000003
M284,34.2,51.8,44.95,34.19999999999999,38.0,44.0,26.75,11.85,102.4,30.80000000000001
F017,37.8,54.5,52.5,38.099999999999994,45.2,49.15,29.05,12.5,103.5,31.299999999999997
M310,36.4,51.0,43.3,34.0,37.0,43.7,25.7,12.1,100.6,27.0
F047,34.4,53.0,45.4,37.099999999999994,40.5,50.95,30.2,12.05,101.4,30.30000000000001
F463,36.9,52.5,45.25,37.69999999999999,37.6,47.2,26.75,12.2,103.5,27.099999999999994
M173,37.3,55.3,43.05,36.39999999999999,39.25,44.65,25.75,11.95,107.8,28.89999999999999
F264,32.3,48.9,41.0,34.5,33.4,42.85,23.0,11.25,90.9,25.5
F313,34.7,53.5,44.35,41.70000000000002,38.25,49.7,29.8,12.6,104.6,29.69999999999999
M250,39.3,57.9,44.45,38.70000000000002,42.7,45.2,25.35,12.5,109.1,26.89999999999999
M091,39.9,56.7,46.95,39.0,39.5,49.7,28.65,12.85,108.1,28.099999999999994
M144,38.8,49.8,45.0,39.5,43.35,44.85,26.75,13.35,97.4,27.80000000000001
M215,39.9,55.9,46.95,40.10000000000001,39.15,47.3,28.0,11.65,106.3,27.39999999999999
M225,38.5,54.6,47.7,38.7,39.85,48.0,30.05,12.05,102.3,30.299999999999997
F273,34.5,49.2,41.85,36.900000000000006,35.45,44.25,26.1,11.5,92.4,24.900000000000006
M131,37.9,57.2,42.4,36.60000000000001,35.55,43.85,25.65,11.7,105.3,24.599999999999994
F307,36.4,50.8,40.5,33.8,33.95,46.7,26.9,11.4,97.2,27.200000000000003
F425,35.1,56.5,48.9,39.10000000000001,43.7,47.3,27.7,12.15,100.3,23.200000000000003
F161,35.3,53.5,43.05,36.29999999999998,35.8,47.0,26.25,12.25,103.4,32.900000000000006
M293,39.3,55.2,50.4,38.599999999999994,45.15,49.25,30.5,13.3,104.4,28.30000000000001
M162,40.9,52.0,44.35,36.2,42.0,46.45,28.25,12.15,95.8,27.700000000000003
M390,36.8,55.6,47.45,39.19999999999999,44.55,44.35,24.9,12.7,104.0,31.200000000000003
M070,38.4,51.5,46.35,36.30000000000001,37.0,43.4,24.95,11.9,98.0,25.5
M296,38.1,56.2,47.1,41.39999999999999,47.0,51.15,29.5,12.85,108.2,32.900000000000006
F500,33.3,51.0,45.85,32.30000000000001,40.25,45.75,25.9,11.1,95.6,31.19999999999999
F158,35.4,51.7,43.7,35.099999999999994,35.6,44.0,25.7,11.6,93.5,26.099999999999994
F157,32.8,50.5,40.5,35.400000000000006,33.25,45.5,26.4,12.3,95.5,29.799999999999997
M226,41.7,53.5,51.35,39.7,43.6,48.25,28.65,12.25,95.7,25.700000000000003
M432,36.2,52.6,46.85,42.39999999999999,41.4,45.4,26.55,12.25,101.3,29.89999999999999
M244,38.2,52.7,42.55,38.2,40.6,42.85,23.6,11.55,102.2,30.400000000000006
M181,36.9,55.1,42.5,39.099999999999994,37.1,43.45,26.0,12.7,96.5,23.099999999999994
F359,32.9,52.5,45.6,34.89999999999999,38.75,46.85,29.0,11.85,104.8,30.700000000000003
F474,32.9,52.5,45.5,34.79999999999998,40.75,46.75,25.35,11.6,96.4,24.60000000000001
F336,35.1,48.3,42.1,35.900000000000006,35.4,44.75,26.05,11.5,91.6,27.699999999999996
F197,32.8,52.8,45.0,36.400000000000006,37.0,46.15,26.95,11.4,96.0,25.200000000000003
F134,36.4,51.0,42.65,36.60000000000001,33.25,43.75,23.75,12.0,97.8,25.599999999999994
M355,38.7,56.2,49.55,42.70000000000002,48.25,51.45,30.6,13.55,104.6,32.099999999999994
M129,38.5,49.7,42.65,35.0,39.65,43.7,24.85,12.15,98.9,26.60000000000001
F154,36.5,49.7,44.15,36.5,41.5,45.85,26.1,12.2,93.5,25.900000000000006
M459,36.0,51.7,45.15,35.10000000000001,42.6,45.0,24.3,12.35,93.8,30.799999999999997
F208,33.8,50.8,44.25,35.69999999999999,37.75,48.1,26.35,11.5,92.9,25.400000000000006
M130,41.3,56.4,46.0,36.099999999999994,39.9,46.6,27.4,12.4,109.4,28.30000000000001
F290,35.6,51.2,46.85,35.80000000000001,41.5,48.85,28.1,11.8,96.0,28.0
F303,35.5,53.5,42.9,36.79999999999998,36.25,47.05,28.05,12.6,99.9,28.900000000000006
F411,32.8,49.6,41.0,33.599999999999994,34.45,44.0,26.6,11.15,96.9,27.900000000000006
F133,35.0,49.7,47.25,37.599999999999994,40.55,47.5,27.4,12.0,97.1,27.5
F194,36.4,57.1,41.4,38.0,35.5,45.9,25.2,11.6,103.0,26.799999999999997
F213,35.6,49.2,39.25,36.900000000000006,34.05,45.85,26.35,11.75,93.1,24.799999999999997
F449,33.0,48.7,45.0,35.30000000000001,41.6,46.15,27.9,12.15,91.1,22.89999999999999
F257,34.8,51.5,40.25,34.099999999999994,30.75,43.35,24.85,11.15,96.0,26.799999999999997
F426,32.7,50.0,40.5,36.2,35.5,45.5,25.15,11.75,94.3,26.0
M281,38.8,57.2,49.65,38.8,46.1,50.35,30.7,12.8,100.3,26.700000000000003
M464,38.6,54.7,46.35,39.89999999999999,43.3,47.05,24.0,13.5,104.8,32.099999999999994
M273,37.6,55.8,45.55,37.30000000000001,39.35,47.15,27.6,12.85,106.1,29.5
M389,39.5,54.4,47.65,41.80000000000001,43.6,48.35,28.55,13.9,104.0,28.5
F140,33.0,50.6,43.5,35.000000000000014,38.75,45.0,26.25,10.5,96.3,30.599999999999994
M159,38.6,51.2,44.35,39.599999999999994,40.6,45.8,26.2,12.5,96.6,26.89999999999999
F413,32.1,52.3,39.5,57.10000000000001,32.85,45.5,26.5,11.4,79.3,9.599999999999994
M334,41.8,54.4,49.1,39.3,43.4,47.5,29.3,13.5,104.7,30.400000000000006
M275,39.2,54.3,48.4,42.60000000000001,45.95,49.5,48.3,12.85,99.2,28.700000000000003
M414,38.8,53.9,47.1,40.29999999999998,40.4,46.2,25.25,13.15,102.9,30.80000000000001
F230,33.5,53.2,43.5,36.7,32.7,43.6,26.2,11.35,95.8,23.5
M163,38.5,54.9,4.1,41.79999999999998,36.6,42.25,23.35,12.5,101.4,24.900000000000006
M416,38.3,51.6,45.7,39.39999999999999,39.6,45.9,27.35,11.9,100.7,30.400000000000006
M257,39.1,55.5,45.05,39.70000000000002,38.45,44.45,26.4,12.3,100.6,29.599999999999994
M309,35.0,52.1,41.2,36.2,37.35,44.45,25.35,12.9,99.3,29.200000000000003
M420,36.4,49.2,44.65,38.10000000000001,41.05,44.15,24.4,12.15,94.8,27.200000000000003
M145,39.7,53.7,44.75,37.19999999999999,37.0,45.2,26.95,13.0,101.4,24.80000000000001
M444,40.0,52.1,50.3,42.30000000000001,45.75,47.85,28.15,12.45,97.5,26.900000000000006
M324,38.9,57.5,47.65,36.400000000000006,43.45,46.05,27.15,13.05,103.6,29.89999999999999
F397,33.5,53.6,47.4,36.5,40.2,48.1,28.9,12.75,101.6,27.099999999999994
M472,40.2,56.7,47.6,41.60000000000001,43.15,48.1,26.65,13.55,108.2,28.60000000000001
M028,40.0,56.9,47.25,37.79999999999998,42.25,48.55,29.05,12.55,105.9,31.60000000000001
F278,33.0,52.5,41.5,38.30000000000001,32.9,45.5,26.5,11.35,97.5,24.0
M322,36.4,56.7,49.45,41.2,46.1,48.6,29.6,12.65,103.2,27.60000000000001
F452,30.9,50.2,43.0,36.80000000000001,37.35,46.65,26.6,11.0,98.6,28.69999999999999
M015,41.4,59.8,48.95,38.099999999999994,38.85,47.4,27.9,14.1,110.6,29.19999999999999
F123,33.8,52.0,47.35,41.0,41.75,50.15,30.95,11.5,97.0,25.5
M213,40.5,55.9,46.0,41.5,41.85,49.0,31.25,14.15,108.6,27.5
F243,32.8,52.3,41.25,32.80000000000001,33.3,44.5,26.85,11.65,97.6,28.19999999999999
M372,38.6,53.6,48.05,44.500000000000014,45.3,50.2,28.4,14.1,103.8,27.099999999999994
M128,40.6,56.3,47.3,37.60000000000001,45.6,50.0,29.9,13.65,106.7,28.299999999999997
F384,34.4,51.5,41.65,37.39999999999999,34.25,45.9,26.25,11.6,95.7,27.299999999999997
M482,36.1,52.5,43.6,35.7,38.65,45.55,26.8,12.4,103.3,28.5
M345,36.7,51.2,46.75,38.30000000000001,44.9,47.6,25.2,14.15,98.6,30.299999999999997
F244,35.0,53.0,48.65,37.89999999999999,44.0,48.8,27.75,12.8,95.7,24.60000000000001
M290,37.8,56.5,41.65,39.900000000000006,35.95,43.7,24.85,13.6,104.9,24.30000000000001
M198,39.2,53.1,48.15,40.0,41.4,48.75,30.75,12.85,100.6,25.89999999999999
F328,32.3,52.3,43.6,34.60000000000001,35.35,46.35,28.0,11.4,97.8,27.89999999999999
M170,40.7,55.1,46.8,42.0,39.1,45.4,26.5,12.7,103.4,28.200000000000003
F421,31.2,48.2,41.2,35.400000000000006,34.3,44.4,25.6,11.75,88.5,23.700000000000003
M451,38.7,52.2,45.2,40.2,38.2,44.4,25.45,12.7,98.7,27.299999999999997
M231,38.6,53.8,40.75,36.10000000000001,38.2,45.15,27.05,12.3,102.2,29.700000000000003
F369,34.7,53.5,42.2,37.499999999999986,32.95,46.35,26.4,11.95,102.2,27.299999999999997
F269,36.4,53.5,39.9,35.10000000000001,30.3,44.45,26.6,11.15,100.2,29.200000000000003
M267,37.9,56.8,44.1,41.69999999999999,37.0,48.3,28.75,13.9,105.4,31.10000000000001
M149,37.7,56.0,39.75,40.2,35.15,43.35,23.65,12.15,103.8,24.200000000000003
M154,39.8,52.4,41.1,43.999999999999986,41.35,45.25,26.35,12.75,95.2,25.5
F293,34.8,50.0,44.15,35.099999999999994,37.9,46.7,28.2,11.3,94.5,27.5
F387,34.7,50.1,49.0,36.8,42.25,44.0,26.75,11.6,88.3,22.799999999999997
F395,36.4,50.5,46.4,37.499999999999986,42.1,44.5,26.05,11.15,94.2,24.0
F235,33.4,50.5,39.6,34.69999999999999,32.35,46.1,27.75,11.5,95.5,27.900000000000006
M454,35.5,50.0,39.9,35.30000000000001,35.85,42.85,24.2,12.4,99.1,28.099999999999994
M332,39.4,55.2,50.8,36.69999999999999,46.0,47.25,47.7,12.45,102.9,28.200000000000003
F484,33.0,49.5,36.0,34.3,29.65,37.65,17.4,10.5,94.3,26.5
F358,33.8,55.7,39.1,37.5,31.15,43.65,22.75,12.0,103.0,27.900000000000006
M024,38.0,53.3,45.75,33.89999999999999,49.15,47.6,28.65,13.15,100.2,31.299999999999997
M161,38.9,57.6,45.0,38.80000000000001,41.0,47.65,26.8,12.45,106.6,25.099999999999994
M488,33.3,50.1,41.5,37.19999999999999,41.1,43.7,24.6,12.6,98.9,26.80000000000001
M429,36.6,59.4,45.3,43.89999999999999,42.3,46.75,24.85,14.05,104.8,27.599999999999994
M406,37.6,51.6,48.65,41.999999999999986,47.55,47.05,27.15,12.95,96.2,27.5
M140,38.9,54.4,41.05,37.70000000000002,33.1,44.25,25.3,12.0,108.6,26.89999999999999
M357,40.8,52.5,51.15,42.79999999999998,50.45,51.1,30.4,12.8,100.9,32.2
M167,42.1,58.8,47.25,41.099999999999994,43.15,47.25,27.85,13.7,108.4,31.900000000000006
M349,39.4,50.9,45.3,37.29999999999998,39.25,45.2,25.55,12.2,100.4,27.900000000000006
M077,38.4,58.2,41.9,39.900000000000006,35.5,43.2,23.7,12.4,105.9,28.60000000000001
M458,38.6,51.8,45.95,38.8,44.6,46.2,24.85,12.45,103.8,31.5
F096,34.1,48.3,43.5,36.5,38.5,46.45,27.35,11.0,89.8,26.799999999999997
F253,34.7,48.9,50.15,39.7,46.2,49.0,27.5,11.75,84.7,20.900000000000006
M220,41.8,52.8,45.1,41.000000000000014,41.15,43.65,22.8,12.15,100.8,30.099999999999994
F170,35.8,52.9,40.4,38.60000000000001,35.2,48.65,28.5,11.85,100.3,28.599999999999994
M044,39.2,54.3,41.9,38.30000000000001,35.75,44.0,25.1,11.5,102.0,28.200000000000003
F046,33.0,50.3,50.6,38.3,50.75,47.85,29.0,12.15,91.2,24.299999999999997
M060,39.9,54.6,44.35,39.30000000000001,39.0,47.0,28.5,13.0,100.6,25.599999999999994
F181,33.9,49.0,47.0,35.19999999999999,40.0,46.45,27.2,12.45,93.9,28.900000000000006
M176,39.9,56.1,48.9,41.20000000000002,38.45,48.25,30.75,12.65,101.6,24.89999999999999
M391,37.8,50.8,46.15,40.69999999999999,44.3,47.15,47.1,12.35,98.4,28.30000000000001
M359,37.9,54.6,43.8,39.499999999999986,39.9,47.05,28.4,12.1,105.7,29.799999999999997
M350,37.6,53.0,45.05,39.000000000000014,42.45,45.95,25.7,12.55,103.8,33.2
M445,38.2,56.3,47.15,40.0,43.75,47.65,26.65,12.9,106.1,28.89999999999999
M256,37.0,53.7,46.1,35.900000000000006,42.7,47.75,26.75,12.7,101.5,31.400000000000006
F106,34.5,48.5,43.35,37.2,42.25,47.15,27.8,11.4,83.3,23.799999999999997
M084,40.4,53.6,44.7,38.80000000000001,35.35,45.5,26.3,12.5,103.5,26.099999999999994
F251,33.1,52.0,40.25,37.30000000000001,31.5,43.75,26.4,12.15,100.0,26.5
M265,36.4,54.5,42.75,38.10000000000001,36.4,42.15,25.6,12.05,101.7,28.400000000000006
M094,36.6,52.9,47.6,33.80000000000001,41.45,46.4,27.85,12.6,103.1,28.69999999999999
M212,36.0,54.3,44.25,39.500000000000014,42.65,43.55,25.7,12.2,94.8,23.099999999999994
F471,34.0,52.2,49.75,35.80000000000001,46.1,50.75,27.0,11.8,94.5,26.299999999999997
M074,43.6,59.8,48.7,42.0,45.4,51.75,31.3,14.3,112.0,29.299999999999997
M463,36.2,50.3,40.65,41.30000000000001,37.4,41.25,19.75,10.25,93.0,24.0
F217,34.2,52.1,45.5,36.10000000000001,38.85,46.4,27.0,11.2,96.8,25.599999999999994
F403,32.5,54.5,39.6,33.400000000000006,33.25,43.35,27.3,11.7,98.5,27.099999999999994
M317,40.3,58.5,49.35,40.19999999999999,46.5,49.3,28.3,13.7,105.0,29.200000000000003
F408,34.5,53.3,42.65,40.8,35.5,47.6,25.5,11.25,96.8,23.5
M289,41.6,53.4,47.8,41.69999999999999,46.5,46.75,26.2,13.3,103.4,28.10000000000001
M351,38.8,53.1,42.3,42.900000000000006,38.9,43.85,25.05,11.65,101.6,26.599999999999994
F228,33.1,49.0,41.75,36.900000000000006,33.75,43.6,25.1,12.05,90.3,24.0
F013,33.8,50.5,50.95,37.3,49.85,52.7,32.2,12.35,90.2,25.200000000000003
M291,39.0,57.6,44.55,39.0,38.3,45.6,27.4,12.6,108.9,27.400000000000006
M164,41.6,52.7,47.5,37.19999999999999,45.75,46.25,28.1,12.7,98.9,26.10000000000001
M398,38.9,53.7,49.4,39.5,47.95,49.1,28.15,13.15,106.4,33.5
M133,42.1,54.8,44.45,40.20000000000002,41.75,47.75,29.3,13.7,105.1,24.69999999999999
M261,40.9,58.4,47.15,40.10000000000001,41.8,49.15,28.6,13.6,109.8,28.299999999999997
M066,39.6,25.7,46.7,36.7,38.85,47.25,28.55,12.4,102.3,26.39999999999999
M247,37.5,54.2,48.65,33.499999999999986,44.2,47.05,27.5,12.15,98.7,30.5
M205,41.3,55.4,47.55,39.400000000000006,44.1,48.05,28.75,13.05,104.9,27.60000000000001
F109,35.8,51.0,47.35,34.000000000000014,40.15,47.85,28.95,12.35,95.8,28.700000000000003
M327,40.2,58.9,49.75,40.89999999999999,42.4,49.8,29.35,13.5,108.3,28.599999999999994
M249,42.0,56.0,47.45,37.20000000000002,42.25,47.2,29.25,12.85,105.1,30.19999999999999
M093,40.6,57.3,45.55,39.900000000000006,40.5,43.75,24.2,12.1,103.5,26.099999999999994
F417,34.1,54.8,43.65,36.400000000000006,38.6,47.35,27.1,11.7,104.0,27.0
M021,37.6,50.3,42.8,34.8,41.35,43.65,22.9,12.75,103.3,29.0
F058,35.5,53.0,46.65,33.400000000000006,41.3,47.35,26.65,13.0,99.6,31.0
F042,34.9,55.5,43.75,34.5,35.9,46.75,26.1,11.85,96.5,28.5
M302,37.4,57.6,54.0,36.599999999999994,49.75,52.55,33.15,12.5,102.0,32.099999999999994
F211,34.3,49.0,44.1,37.10000000000001,38.7,47.8,27.8,11.5,92.8,24.39999999999999
F145,36.6,52.0,47.8,40.5,38.5,50.3,30.35,11.55,95.5,23.799999999999997
F037,33.8,53.9,45.0,37.400000000000006,39.9,48.75,30.05,12.05,100.4,28.0
M382,37.5,52.6,47.3,40.900000000000006,41.6,47.3,27.05,12.65,98.9,30.10000000000001
F241,30.8,51.5,45.8,34.0,41.9,46.25,27.75,12.05,93.5,26.700000000000003
F501,33.7,49.7,43.45,36.0,37.55,46.75,27.4,12.3,88.0,22.599999999999994
M295,40.4,58.2,46.75,37.60000000000001,39.65,47.4,28.1,12.4,108.8,29.200000000000003
F389,33.5,51.2,42.5,38.500000000000014,32.95,43.3,27.85,11.35,93.3,26.200000000000003
F299,33.2,49.1,41.7,35.900000000000006,33.25,46.25,27.25,11.5,97.0,26.400000000000006
F429,33.7,50.5,45.7,34.20000000000002,39.3,46.75,27.3,12.0,98.6,28.69999999999999
M196,38.8,52.1,47.75,39.5,44.0,46.9,28.25,12.7,105.1,30.69999999999999
F402,31.5,54.0,40.8,37.5,34.65,43.6,25.4,11.0,97.0,23.0
M113,40.4,55.3,44.25,38.19999999999999,39.0,46.2,25.9,13.75,102.9,27.200000000000003
M017,42.4,54.7,50.25,40.599999999999994,42.25,47.5,27.65,12.85,107.0,29.5
F149,35.6,51.7,32.95,35.80000000000001,37.35,45.5,26.3,11.0,100.5,25.299999999999997
F073,35.4,52.0,40.05,32.400000000000006,35.5,48.0,29.9,11.4,103.0,30.0
F483,35.7,51.4,45.2,34.5,44.35,44.35,23.0,11.7,93.5,27.099999999999994
M169,40.2,56.2,45.85,37.10000000000001,40.4,44.9,26.0,12.75,104.3,27.700000000000003
F139,34.7,48.4,42.9,33.900000000000006,36.45,46.0,26.85,10.9,94.4,27.400000000000006
M477,40.8,57.3,49.85,38.60000000000001,47.5,51.9,30.65,14.25,113.2,36.60000000000001
M039,42.9,56.7,46.25,38.5,38.75,45.3,28.6,12.95,107.4,26.10000000000001
M361,38.0,55.8,45.75,39.39999999999999,41.95,45.4,25.4,13.15,101.2,27.400000000000006
F075,37.9,53.6,52.65,40.39999999999999,44.55,52.2,31.95,12.85,97.8,26.700000000000003
M335,37.4,55.0,45.0,38.8,39.5,44.25,26.3,12.55,100.2,25.200000000000003
F023,32.1,49.8,44.0,34.0,33.35,41.85,24.1,11.4,90.5,27.200000000000003
F167,31.7,47.4,40.75,33.400000000000006,35.35,43.4,25.25,10.85,88.8,26.099999999999994
F051,35.2,54.4,43.85,38.599999999999994,38.3,50.0,28.8,12.45,104.9,29.900000000000006
M011,39.6,58.1,47.9,41.099999999999994,39.3,46.3,27.25,14.35,110.6,29.799999999999997
F390,30.5,50.0,44.7,37.0,35.0,44.65,25.6,11.15,92.0,28.0
F198,33.5,48.3,45.75,36.79999999999998,38.35,45.5,27.25,12.0,92.4,27.10000000000001
M286,41.6,53.9,42.15,40.900000000000006,38.6,45.7,26.6,13.05,102.5,25.0
F227,32.8,44.5,45.5,38.0,40.1,46.0,26.25,11.4,83.4,24.400000000000006
M314,37.2,54.8,52.35,35.60000000000001,43.7,50.1,29.6,12.75,99.2,29.799999999999997
F063,37.2,51.0,42.8,37.30000000000001,35.85,46.5,28.35,11.0,102.0,29.900000000000006
F348,35.0,51.5,42.75,35.70000000000002,35.25,48.35,28.1,11.7,99.6,29.89999999999999
M271,37.7,56.9,43.85,38.3,42.8,47.85,29.25,12.9,103.2,32.5
M241,36.0,50.8,44.55,40.3,38.3,44.0,23.5,12.4,95.3,26.200000000000003
M246,36.7,54.9,41.75,37.89999999999999,37.8,44.1,24.25,11.65,102.7,24.5
F305,33.5,54.0,42.95,34.0,38.4,45.7,24.45,12.25,99.5,26.0
M223,40.9,55.7,44.95,39.80000000000001,41.5,43.95,25.5,12.25,103.5,27.400000000000006
F262,34.2,50.7,36.75,36.599999999999994,31.35,42.5,24.85,11.25,95.6,25.799999999999997
M248,36.2,52.3,48.85,37.3,44.7,47.9,27.1,12.15,97.3,29.599999999999994
F472,33.5,52.8,46.2,34.599999999999994,42.0,46.4,25.7,11.15,97.0,28.700000000000003
F466,30.8,48.3,42.5,34.39999999999999,34.85,43.15,24.35,11.4,90.4,23.0
M497,37.5,53.9,45.15,37.2,43.5,47.8,27.0,12.15,96.3,28.39999999999999
M338,39.4,57.5,53.45,38.39999999999999,49.65,50.0,31.45,13.2,109.2,32.8
M386,39.7,53.8,47.7,41.7,42.3,48.8,28.1,13.2,104.8,30.39999999999999
F280,33.8,48.7,42.9,33.30000000000001,36.5,46.5,27.8,11.0,95.0,29.200000000000003
F212,34.2,49.5,40.55,34.19999999999999,34.25,43.4,24.45,11.5,96.9,27.700000000000003
F172,36.0,53.0,47.15,35.2,41.85,50.0,27.85,11.75,100.8,28.299999999999997
M076,36.3,50.2,46.75,39.69999999999999,41.4,48.75,29.0,12.25,97.4,27.5
M252,40.3,56.4,55.5,42.39999999999999,51.95,53.0,30.65,13.85,97.3,30.099999999999994
F412,33.2,50.5,51.15,33.599999999999994,43.1,48.5,27.35,11.35,94.4,26.80000000000001
M224,42.3,54.8,48.05,44.500000000000014,43.45,49.6,31.0,12.85,106.3,31.599999999999994
F488,35.3,51.9,43.5,35.60000000000001,35.9,45.1,26.9,10.9,99.8,25.5
M344,37.8,54.4,47.45,42.10000000000001,44.3,46.0,26.9,12.5,99.7,26.200000000000003
M294,40.1,52.3,44.7,41.0,40.25,32.25,27.9,13.1,99.4,25.400000000000006
F116,36.8,55.2,49.65,38.5,46.5,49.25,29.15,12.0,96.5,27.700000000000003
M086,41.1,56.9,42.95,37.29999999999998,30.85,42.65,23.5,12.4,107.9,27.5
F400,34.7,53.7,41.2,36.89999999999999,38.0,44.5,25.8,11.0,98.8,26.799999999999997
F010,36.4,55.9,43.05,36.599999999999994,32.85,46.1,27.15,11.3,104.9,27.10000000000001
M438,35.7,49.8,46.6,42.30000000000001,41.35,45.4,23.3,12.4,94.1,24.39999999999999
M483,36.5,53.7,49.65,36.10000000000001,53.0,50.3,28.75,14.55,105.3,35.599999999999994
M082,42.1,52.4,49.35,39.19999999999999,48.35,50.45,29.5,12.7,103.0,27.299999999999997
F091,33.5,49.3,46.0,35.39999999999999,40.2,48.5,26.5,11.05,91.4,26.400000000000006
F216,36.3,55.5,42.0,37.599999999999994,35.6,45.0,26.15,11.5,101.6,28.0
F045,34.0,50.0,49.8,33.400000000000006,42.7,48.85,28.55,11.45,96.0,30.900000000000006
M298,37.0,53.9,48.35,41.400000000000006,39.75,48.5,27.45,13.0,102.0,26.5
M027,40.3,55.0,48.45,36.000000000000014,36.8,45.95,26.85,13.05,104.8,28.099999999999994
F465,32.2,47.2,46.8,32.0,40.5,44.55,26.4,11.65,93.5,26.099999999999994
F377,32.0,52.4,46.55,35.19999999999999,40.9,46.6,27.8,12.0,95.9,28.200000000000003
F102,38.3,51.7,48.5,37.7,43.75,46.5,27.5,11.0,91.7,26.200000000000003
F350,33.5,51.0,40.6,37.5,31.9,42.65,24.95,10.65,97.5,28.299999999999997
M421,38.1,56.3,45.1,42.3,44.2,49.55,28.3,14.75,102.7,33.5
M085,41.4,53.8,50.1,38.69999999999999,49.05,50.95,30.5,13.35,102.0,30.400000000000006
F356,35.3,54.0,40.5,38.099999999999994,35.6,45.85,26.6,12.1,101.4,28.60000000000001
M299,38.0,56.0,47.65,37.599999999999994,42.0,48.45,30.1,12.95,101.5,27.700000000000003
F252,34.0,54.5,41.8,37.20000000000002,32.9,46.0,26.0,11.25,99.6,26.0
F022,35.4,53.8,40.0,35.60000000000001,33.25,42.15,24.0,11.5,100.8,28.799999999999997
F326,33.9,50.0,44.75,34.0,26.5,46.1,29.4,10.8,92.9,28.700000000000003
M121,41.3,55.5,48.05,40.400000000000006,47.25,49.5,29.45,13.05,103.6,25.799999999999997
F398,35.5,51.9,44.2,34.39999999999999,35.5,44.8,26.8,10.9,95.2,25.400000000000006
F284,33.3,53.4,42.4,36.2,37.6,47.0,28.25,11.6,97.8,26.299999999999997
F177,35.1,50.8,46.15,35.19999999999999,39.95,47.3,28.45,12.2,98.0,28.799999999999997
M363,40.3,54.6,49.9,41.80000000000001,45.3,49.7,29.1,13.65,106.5,32.2
M493,42.0,56.6,47.35,41.499999999999986,42.7,49.35,28.95,13.1,113.7,33.60000000000001
M168,40.3,56.4,46.5,41.500000000000014,37.2,46.25,26.5,11.5,106.8,27.599999999999994
M341,37.8,52.4,44.85,39.999999999999986,42.5,47.55,27.8,13.3,100.2,24.10000000000001
F496,33.0,52.8,44.15,34.79999999999998,39.2,46.95,28.75,12.25,95.4,28.30000000000001
M481,37.4,50.5,48.6,35.19999999999999,45.65,46.1,26.65,13.1,96.9,26.700000000000003
M023,37.1,57.9,41.5,38.5,35.05,43.3,23.5,13.0,105.6,26.799999999999997
M354,40.3,56.6,46.75,42.099999999999994,41.95,49.6,29.9,13.05,108.0,30.799999999999997
F254,35.1,52.0,45.0,38.400000000000006,38.4,47.9,27.5,12.7,95.4,26.80000000000001
M087,41.2,56.6,46.45,36.80000000000001,40.95,47.35,27.6,12.65,103.6,28.39999999999999
M399,37.8,60.1,45.9,42.7,45.75,47.6,27.65,11.25,113.8,31.299999999999997
M083,41.3,55.0,44.65,37.3,36.6,45.0,26.15,12.3,102.2,25.299999999999997
M208,40.3,56.1,55.1,46.69999999999999,55.4,54.95,32.8,13.2,94.9,25.60000000000001
F200,34.6,52.4,41.9,37.19999999999999,34.8,45.4,26.95,11.6,95.9,25.0
M305,40.0,58.7,48.9,37.900000000000006,44.5,49.8,30.0,13.5,105.6,28.799999999999997
M221,40.3,53.1,41.1,37.099999999999994,35.5,43.65,24.3,12.6,103.6,29.299999999999997
F487,36.5,51.8,49.15,34.5,44.65,47.9,26.15,11.9,100.6,29.599999999999994
M203,44.3,58.6,48.5,39.5,44.05,51.2,31.1,13.5,110.5,27.799999999999997
M029,41.9,53.4,46.95,38.30000000000001,41.6,45.05,26.25,12.15,98.5,27.0
F069,35.4,52.2,48.5,35.900000000000006,42.2,47.25,25.95,12.4,96.1,28.5
F486,36.3,50.2,45.9,34.500000000000014,37.15,44.85,23.5,11.2,96.3,27.200000000000003
M081,40.6,52.8,45.35,37.0,42.45,46.55,26.1,14.05,105.6,29.099999999999994
M380,39.6,55.3,44.9,40.30000000000001,39.0,44.45,26.2,13.3,104.6,27.89999999999999
M270,38.3,55.6,46.35,40.099999999999994,36.65,46.3,26.4,13.35,106.1,25.69999999999999
F263,35.0,52.6,47.7,37.10000000000001,42.4,48.75,28.35,12.35,97.2,27.700000000000003
F031,35.8,55.0,45.3,38.0,37.8,47.75,27.4,11.75,103.6,28.599999999999994
F324,36.3,54.2,47.65,37.599999999999994,43.9,48.0,28.1,11.7,94.4,25.900000000000006
F470,32.4,49.7,48.4,31.700000000000003,42.3,47.9,48.25,11.1,93.7,30.800000000000004
F171,34.5,53.0,44.1,37.29999999999998,37.7,44.6,25.2,10.7,96.4,26.0
F287,33.6,52.0,41.4,35.000000000000014,33.7,47.7,29.4,11.95,99.8,29.599999999999994
F202,35.5,53.2,43.5,33.999999999999986,36.25,44.0,24.95,11.6,99.2,28.900000000000006
F396,34.2,50.5,42.15,34.10000000000001,35.7,44.1,25.9,11.25,97.8,30.0
M328,35.7,55.1,43.3,34.400000000000006,41.25,45.0,26.0,12.6,102.1,28.19999999999999
F424,33.9,48.8,43.1,34.8,34.5,44.2,25.1,11.25,92.8,26.200000000000003
M010,40.7,56.8,50.8,37.0,47.3,51.6,31.9,13.7,105.4,31.400000000000006
F354,34.4,53.0,54.25,35.39999999999999,50.65,56.0,31.65,12.7,95.8,30.5
M292,41.9,56.8,42.4,41.900000000000006,37.6,42.75,25.3,12.0,105.9,24.900000000000006
F318,35.2,52.0,39.0,40.5,33.3,43.5,23.6,11.9,96.0,25.099999999999994
M183,38.7,54.8,46.35,40.0,43.0,47.5,26.75,12.2,101.4,26.30000000000001
F141,34.4,52.9,45.5,34.69999999999999,41.8,47.2,27.9,12.2,101.0,30.599999999999994
M185,37.0,53.1,41.25,38.5,40.0,42.35,23.95,11.5,98.5,23.200000000000003
M395,40.1,56.7,49.2,40.400000000000006,46.15,47.95,27.1,13.9,102.9,28.400000000000006
F110,35.7,54.3,46.85,38.5,42.65,45.85,26.15,11.95,95.5,25.299999999999997
F383,33.5,48.4,47.6,35.7,46.95,48.0,28.0,11.7,86.0,22.1
F098,36.5,53.7,38.0,37.89999999999999,29.75,43.25,25.0,11.25,102.2,25.900000000000006
F469,31.6,49.2,43.9,33.69999999999999,37.15,45.4,27.5,11.0,93.9,26.5
F341,31.8,51.7,48.35,35.60000000000001,43.95,49.4,28.85,11.1,98.8,29.299999999999997
F225,33.4,50.2,44.0,36.29999999999998,35.9,46.25,26.9,11.75,96.9,27.400000000000006
F478,32.9,50.2,47.9,36.000000000000014,42.4,46.7,25.0,11.0,94.3,26.0
F132,33.7,52.3,45.75,35.10000000000001,39.85,47.85,27.15,11.25,93.2,27.400000000000006
M135,41.7,57.0,46.65,37.60000000000001,39.4,47.55,28.1,12.95,107.7,24.900000000000006
F029,35.9,53.0,42.25,38.20000000000002,33.75,44.15,25.3,11.55,96.1,23.69999999999999
M222,40.4,57.8,49.95,37.39999999999999,47.75,49.75,30.35,13.15,107.7,30.900000000000006
F082,35.8,51.7,45.65,37.19999999999999,38.35,45.9,25.9,11.5,96.5,26.599999999999994
F117,41.1,55.0,55.4,38.7,49.25,51.1,29.05,13.2,102.8,30.89999999999999
F281,31.0,48.3,41.0,28.0,34.5,44.75,27.05,11.6,92.3,27.299999999999997
M384,38.6,50.3,47.85,38.0,42.15,47.3,29.35,12.3,99.5,33.2
F446,34.2,52.7,48.5,36.400000000000006,41.65,47.15,27.2,12.15,95.6,26.799999999999997
F113,34.7,52.2,43.5,37.900000000000006,34.0,49.25,27.65,12.25,99.0,27.400000000000006
